{
  "root": [   
    {
      "thumbnail": "tsn.jpeg",
      "title": "The Social Network (2010)",
      "subtitle": "320MB",
      "tags": "Jesse Eisenberg, Rooney Mara, Andrew Garfield, Armie Hammer, Max Minghella, Justin Timberlake",
      "posted": "2010-10-01",
      "meta": "8.9/10",
      "summary": "The pseudo-true story of Mark Zuckerberg, a Harvard undergrad turned dropout who builds a social network site from his college dorm room - known as Facebook.",
      "url": "https://fzmovies.net/movie-The%20Social%20Network--hmp4.htm",
      "status": 2,
      "date": "2021-12-27"
    }
  ]
}
