{
  "root": [
    {
      "thumbnail": "abcmeta.jpeg",
      "title": "The Metaverse is shaping up as the Next Landmark for Internet Technology",
      "subtitle": "ABC.net",
      "tags": "Dong Xing",
      "posted": "2021-12-25",
      "meta": "10 APS",
      "summary": "More people, including celebrities, are diving into the Virtual Real Estate market, which has attracted traders and buyers worldwide. Plot of land sold at $3.3m.",
      "url": "https://www.abc.net.au/news/2021-12-26/why-are-people-buying-up-real-estate-in-the-metaverse/100685246",
      "status": 1,
      "date": "2021-12-29"
    },   
    {
      "thumbnail": "tmr.jpeg",
      "title": "The Matrix Resurrections (2021)",
      "subtitle": "327MB",
      "tags": "Keanu Reeves, Carrie-Anne Moss, Johnathan Groff, Yahya Abdul-Mateen II,Priyanka Chopra, Jessica Henwick",
      "posted": "2021-12-22",
      "meta": "6.4/10",
      "summary": "To find out if his reality is a physical or mental construct, Mr. Anderson (Neo), will have to choose to follow the white rabbit once more.",
      "url": "https://www.sabishare.com/file/nieFzMnSb18-the-matrix-resurrections-2021-netnaija-com-mp4",
      "status": 2,
      "date": "2021-12-24"
    },
    {
      "thumbnail": "seo2.jpeg",
      "title": "The comprehensive SEO guide for absolute beginners",
      "subtitle": "Mangools",
      "tags": "Vlado Pavlik",
      "posted": "2021-12-21",
      "meta": "8 CHP",
      "summary": "Learn SEO with a beginner's guide so comprehensive even your grandma would understand (sort of). Contains a total of 8 chapters, with SEO quiz and certificate.",
      "url": "https://mangools.com/blog/learn-seo/",
      "status": 1,
      "date": "2021-12-27"
    },  
    {
      "thumbnail": "fswd.png",
      "title": "The complete Full Stack Web Developer road map for 2022",
      "subtitle": "16:03",
      "tags": "Codedamn",
      "posted": "2021-12-19",
      "meta": "42.3k",      
      "summary": "A software engineer with practical knowledge of frontend, backend, database, payment APIs, cross-platform mobile app development and cloud-based services.",
      "url": "https://m.youtube.com/watch?v=SgVXmtMUjbl",
      "status": 4,
      "date": "2021-12-27"
    },    
    {
      "thumbnail": "isa.jpeg",
      "title": "Meet Iyinoluwa Samuel Aboyeji, Co-Founder of Andela and Flutterwave",
      "subtitle": "16:43",
      "tags": "Tayo Aina",
      "posted": "2021-12-19",
      "meta": "133.2k",
      "summary": "He left USA to build two software companies in Nigeria. Get to know entrepreneurs across Africa who have built successful businesses, and how they did it.",
      "url": "https://m.youtube.com/watch?v=9BOTlfAEaAo",
      "status": 4,
      "date": "2021-12-24"    
    },
    {
      "thumbnail": "hss.jpeg",
      "title": "Swan Song (2021)",
      "subtitle": "157MB",
      "tags": "Mahershala Ali, Naomi Harris, Awkwafina",
      "posted": "2021-12-17",
      "meta": "7.1/10",
      "summary": "When a loving husband and father is diagnosed with a terminal illness, he is presented with an alternative solution to replace himself with a carbon copy clone.",
      "url": "https://www.sabishare.com/file/LbWiZwvgB10-swan-song-2021-netnaija-com-mp4",
      "status": 2,
      "date": "2021-12-24"
    },    
    {
      "thumbnail": "wsv.jpeg",
      "title": "Tech's Center of Gravity is shifting away from Silicon Valley",
      "subtitle": "WIRED",
      "tags": "Uche Adegbite",
      "posted": "2021-12-14",
      "meta": "7 APS",
      "summary": "The next billion online users will be from emerging markets, and the success of internet platforms will rest on how well and fast they can empower consumers.",
      "url": "https://www.wired.co.uk/article/global-innovation-decentralization-silicon-valley",
      "status": 1,
      "date": "2021-12-24"    
    },
    {
      "thumbnail": "rapi.jpeg",
      "title": "Turn your API into a Startup. Build &amp; Sell an API with RapidAPI",
      "subtitle": "40:00",
      "tags": "JavaScript Mastery",
      "posted": "2021-07-09",
      "meta": "173k",
      "summary": "How to build and deploy your own fully-custom JavaScript API from scratch using Node and Express. Afterward, I'll also teach you how to sell it on a RapidAPI.",
      "url": "https://m.youtube.com/watch?v=be9sHQ7xqo0",
      "status": 4,
      "date": "2021-12-29"    
    },    
    {
      "thumbnail": "fguy.jpeg",
      "title": "Free Guy (2021)",
      "subtitle": "361MB",
      "tags": "Ryan Reynolds, Lil Rel Howery, Jodie Commer, Joe Keery, Utkarsh Ambudkar, Taika Waititi",
      "posted": "2015-08-13",
      "meta": "7.1/10",
      "summary": "When a bank teller discovers he's actually a non-player character (NPC) in an open-world virtual reality game, he decides to become the Hero of his own story.",
      "url": "https://www.sabishare.com/file/pUvargixM89-free-guy-2021-netnaija-com-mp4",
      "status": 2,
      "date": "2021-12-27"
    }, 
    {
      "thumbnail": "smhenry.jpeg",
      "title": "How to make money as a social media influencer",
      "subtitle": "Startups",
      "tags": "Henry Williams",
      "posted": "2021-05-17",
      "meta": "20 APS",
      "summary": "Could you be the next blogging or vlogging sensation? If you've got as knack for producing compelling content then this is the business opportunity for you.",
      "url": "https://startups.co.uk/guides/how-to-make-money-as-an-online-influencer/",
      "status": 1,
      "date": "2021-12-29"
    },    
    {
      "thumbnail": "aioc.jpeg",
      "title": "Build and Deploy a MERN Stack Web Application using MongoDB, Express, React and Node.js",
      "subtitle": "Medium",
      "tags": "Leandro Ercoli",
      "posted": "2021-05-03",
      "meta": "5 M/R",
      "summary": "A step-by-step guide to integrating Node.js, Express and React. Building an application to search for artworks at the Art Institute of Chicago via the site API.",
      "url": "https://medium.com/geekculture/build-and-deploy-a-web-application-with-react-and-node-js-express-bce2c3cfec32",
      "status": 1,
      "date": "2021-12-29"
    },    
    {
      "thumbnail": "smjade.jpeg",
      "title": "Here's how many social media followers you need to make above $100,000 (~N40m)",
      "subtitle": "CNBC",
      "tags": "Jade Scipioni",
      "posted": "2021-04-30",
      "meta": "10 APS",
      "summary": "Social media influencers can make big money on platforms such as TikTok, YouTube and Instagram. But it all depends greatly on followers and views. To calculate the estimates, Lickd.co used data from Influencers Marketting Hubs.",
      "url": "https://www.cnbc.com/2021/04/30/how-much-money-you-can-make-off-social-media-following-calculator.html",
      "status": 1,
      "date": "2021-12-29"
    },  
    {
      "thumbnail": "3wm2.jpeg",
      "title": "Nigerian Founders-Turned-Investors are now running Syndicate Funds",
      "subtitle": "TechCrunch",
      "tags": "Tage Kene-Okafor",
      "posted": "2021-03-02",
      "meta": "10 APS",
      "summary": "Future Africa Fund kicked-off in 2015 when Andela co-founders; Iyinoluwa Aboyeji and Nadayar Enegesi, wrote cheques to African startups as angel investors.",
      "url": "https://techcrunch.com/2021/03/02/nigerian-founders-turn-investors-are-now-running-syndicate-funds/amp/",
      "status": 1,
      "date": "2021-12-24"    
    },
    {
      "thumbnail": "tgb.jpeg",
      "title": "The Girl Before - Season 1 (2021)",
      "subtitle": "E1-4",
      "tags": "Gugu Mbatha-Raw, Ben Hardy, David Oyelowo",
      "posted": "2021-12-19",
      "meta": "6.2/10",
      "summary": "The story of Jane, who moves into an artistic, minimalist home with peculiar house rules. A shocking discovery about the prior tenant creates an unnerving atmosphere.",
      "url": "https://o2tvseries.com/The-Girl-Before-w8/Season-01/index.html",
      "status": 3,
      "date": "2021-12-24"
    },
    {
      "thumbnail": "tbdc.jpg",
      "title": "The Billion Dollar Code - Season 1 (2021)",
      "subtitle": "E1-4",
      "tags": "Bjorn Freiberg, Seumas F. Sargent, Leonard Scheicher",
      "posted": "2021-10-07",
      "meta": "8.1/10",
      "summary": "Based on true events; two German computer scientists go to court to be recognized as the inventors of the Google Earth algorithm.",
      "url": "https://o2tvseries.com/The-Billion-Dollar-Code/Season-01/index.html",
      "status": 3,
      "date": "2021-12-24"
    },
    {
      "thumbnail": "seo.jpeg",
      "title": "The first 2 rules of Search Engine Optimization (SEO) and beyond",
      "subtitle": "11:51",
      "tags": "Fireship.io",
      "posted": "2021-02-08",
      "meta": "259.4k",
      "summary": "Learn the fundamentals of SEO from the perspective of a web developer. Determine the optimal way to structure and render HTML for web crawlers and bots.",
      "url": "https://m.youtube.com/watch?v=-B58GgsehKQ",
      "status": 4,
      "date": "2021-12-24"    
    },
    {
      "thumbnail": "supint.jpeg",
      "title": "Superintelligence (2020)",
      "subtitle": "280MB",
      "tags": "Melissa McCarthy, Bobby Cannavale, Ben Falcone, James Corden, Jean Smart, Michael Beach, Brian Tyree Henry, Sarah Baker, Sam Richardson",
      "posted": "2020-11-26",
      "meta": "4.2/10",
      "summary": "A young unemployed woman's life changes when an super AI entity chooses her as a guinea pig for an experiment that will decide the future of humanity.",
      "url": "https://www.sabishare.com/file/QqPqDmlvc04-superintelligence-2020-netnaija-com-mp4",
      "status": 2,
      "date": "2021-12-28"
    },
    {
      "thumbnail": "iamm.jpeg",
      "title": "I Am Mother (2019)",
      "subtitle": "302MB",
      "tags": "Luke Hwaker, Michael Lloyd, Tahlia Sturzaker, Summer Lenton, Maddie Lenton",
      "posted": "2019-01-25",
      "meta": "7.4/10",
      "summary": "After hunmanity's extinction, a robot raises a human girl and loves her like a daughter. However, their bond is threatened when a stranger enters their lives.",
      "url": "https://fzmovies.net/movie-I%20Am%20Mother--hmp4.htm",
      "status": 2,
      "date": "2021-12-28"
    },
    {
      "thumbnail": "bmb.jpeg",
      "title": "Black Mirror - Bandersnatch (2018)",
      "subtitle": "226MB",
      "tags": "Fionn Whitehead, Craig Parkinson, Alice Lowe, Asim Chaudhry, Will Poulter",
      "posted": "2018-12-28",
      "meta": "7.3/10",
      "summary": "In 1984, a young programmer starts to question reality while he adapts a mad writer's dark fantasy novel into a video game.",
      "url": "https://fzmovies.net/movie-Black%20Mirror%20Bandersnatch--hmp4.htm",
      "status": 2,
      "date": "2021-12-29"
    },    
    {
      "thumbnail": "repl.jpeg",
      "title": "Replicas (2018)",
      "subtitle": "262MB",
      "tags": "Keanu Reeves, Alice Eve, Emily Alyn Lind, John Ortiz, Emjay Anthony, Aria Lyric Leabu, Thomas Middleditch",
      "posted": "2018-10-25",
      "meta": "2.8/10",
      "summary": "Following a tragic car accident, William Foster, a scientist, desperately tries to bring his wife and kids back from the dead using AI systems.",
      "url": "https://fzmovies.net/movie-Replicas--hmp4.htm",
      "status": 2,
      "date": "2021-12-28"
    },    
    {
      "thumbnail": "rpo2018.jpeg",
      "title": "Ready Player One (2018)",
      "subtitle": "374MB",
      "tags": "Tye Sheridan, Olivia Cooke, Ben Mendelsohn, Mark Rylance, Ernest Cline, T.J. Miller, Lena Waithe",
      "posted": "2018-03-30",
      "meta": "7.0/10",
      "summary": "James Halliday designs a virtual reality world and hides the keys to his fortune in it for a worthy player. Wade, a teenager, sets out on a quest to find it.",
      "url": "https://fzmovies.net/movie-Ready%20Player%20One%202018--hmp4.htm",
      "status": 2,
      "date": "2021-12-27"
    },
    {
      "thumbnail": "whtm.jpeg",
      "title": "What Happend to Monday (2017)",
      "subtitle": "253MB",
      "tags": "Noomi Rapace, Willem Dafoe, Glenn Close, Marwan Kenzari, Christian Rubeck, Cassie Clare",
      "posted": "2017-08-30",
      "meta": "5.9/10",
      "summary": "In an overpopulated world where families are allowed only one child, secret septuplets must avoid execution while investigating the disappearance of one of their own.",
      "url": "https://www.sabishare.com/file/FmdDFDkFP96-what-happened-to-monday-2017-netnaija-com-mp4",
      "status": 2,
      "date": "2021-12-28"
    },    
    {
      "thumbnail": "westw.jpeg",
      "title": "Westworld - Season 1 (2016)",
      "subtitle": "E1-10",
      "tags": "Evan Rachel Wood, Thandiwe Newton, Jeffrey Wright, Ed Harris",
      "posted": "2016-10-02",
      "meta": "8.4/10",
      "summary": "In a futuristic Western-themed park, Westworld, the visitors interact with automatons. However, all hell breaks loose when the robots begin to malfunction.",
      "url": "https://o2tvseries.com/Westworld-9/Season-01/index.html",
      "status": 3,
      "date": "2021-12-27"
    },     
    {
      "thumbnail": "snowden.jpeg",
      "title": "Snowden (2016)",
      "subtitle": "360MB",
      "tags": "Joseph Gordon-Levitt, Shailene Woodley, Rhys Ifans, Zachary Qunito, Melissa Leo, Nicolas Cage, Timothy Olyphant, Ben Schnetzer, LaKeith Stanfield",
      "posted": "2016-09-22",
      "meta": "6.4/10",
      "summary": "After discovering that the NSA is illegally spying on ordinary US citizens, Edward Snowden grapples with the decision to leak classified documents to the press.",
      "url": "https://fzmovies.net/movie-Snowden--hmp4.htm",
      "status": 2,
      "date": "2021-12-28"
    },     
    {
      "thumbnail": "sjobs.jpeg",
      "title": "Steve Jobs (2015)",
      "subtitle": "328MB",
      "tags": "Michael Fassbender, Seth Rogen, Jeff Daniels, Katherine Waterston, Kate Winslet, Sarah Snook",
      "posted": "2015-10-23",
      "meta": "8.0/10",
      "summary": "A portrait of Steve at the epicenter of the digital revolution. The story unfolds at 3 iconic product launches, ending with the unveiling of iMac in 1998.",
      "url": "https://fzmovies.net/movie-Steve%20Jobs--hmp4.htm",
      "status": 2,
      "date": "2021-12-27"
    },    
    {
      "thumbnail": "chapp.jpeg",
      "title": "CHAPPiE (2015)",
      "subtitle": "321MB",
      "tags": "Dev Patel, Sharlto Copley, Sigourney Weaver, Hugh Jackman, Jose Pablo Cantillo, Yolani Visser, Watkin Tudor Jones Jr.",
      "posted": "2015-03-06",
      "meta": "4.7/10",
      "summary": "A police robot is stolen by criminals and treated like their own child. With new programming, Chappie becomes the first robot with the ability to feel and think.",
      "url": "https://fzmovies.net/movie-Chappie--hmp4.htm",
      "status": 2,
      "date": "2021-12-29"
    },    
    {
      "thumbnail": "exmac.jpeg",
      "title": "Ex Machina (2015)",
      "subtitle": "289MB",
      "tags": "Alicia Vikander, Oscar Isaac, Domhnall Gleeson, Sonoya Mizuno, Claire Selby, Gana Bayarsaikhan, Corey Johnson",
      "posted": "2015-01-21",
      "meta": "8.0/10",
      "summary": "A young programmer gets a chance to become a part of a strange Scientific experiment where he is to assess AI robots by interacting with a female humanoid.",
      "url": "https://fzmovies.net/movie-Ex%20Machina--hmp4.htm",
      "status": 2,
      "date": "2021-12-28"
    },     
    {
      "thumbnail": "scp.jpeg",
      "title": "Scorpion - Season 1 (2014)",
      "subtitle": "E1-22",
      "tags": "Elyes Gabel, Katharine McPhee, Robert Patrick, Eddie Kaye Thomas, Jadyn Wong, Ari Stidham",
      "posted": "2014-09-22",
      "meta": "6.0/10",
      "summary": "Genius computer hacker, Walter O'Brien, who has an IQ of 197, works with Cabe Gallo and his select team of systems expert to solve major crises around the globe.",
      "url": "https://o2tvseries.com/Scorpion-8/Season-01/index.html",
      "status": 3,
      "date": "2021-12-27"
    },        
    {
      "thumbnail": "svhbo.jpeg",
      "title": "Silicon Valley - Season 1 (2014)",
      "subtitle": "E1-8",
      "tags": "Thomas Middleditch, Josh Brener, T.J. Miller, Kumail Nanjiani, Martin Starr, Zach Woods",
      "posted": "2014-04-06",
      "meta": "9.0/10",
      "summary": "The story of 5 friends, as they struggle to get angel investors for their tech startup called Pied Piper built upon a revolutionary data compression algorithm.",
      "url": "https://o2tvseries.com/Silicon-Valley-8/Season-01/index.html",
      "status": 3,
      "date": "2021-12-27"
    },
    {
      "thumbnail": "roboc.jpeg",
      "title": "RoboCop (2014)",
      "subtitle": "312MB",
      "tags": "Joel Kinnaman, Abbie Cornish, Gary Oldman, Michael Keaton, Samuel L. Jackson, Jackie E. Haley",
      "posted": "2014-02-12",
      "meta": "4.9/10",
      "summary": "When Alex Murphy, a cop, gets injured in a bomb explosion, he is transformed into a robot police officer in order to combat criminal activities in the United States.",
      "url": "https://fzmovies.net/movie-RoboCop--hmp4.htm",
      "status": 2,
      "date": "2021-12-29"
    },    
    {
      "thumbnail": "her.jpeg",
      "title": "Her (2013)",
      "subtitle": "336MB",
      "tags": "Joaquin Phoenix, Scarlett Johansson, Rooney Mara, Chris Pratt, Amy Adams, Olivia Wilde, Spike Jonze",
      "posted": "2013-12-18",
      "meta": "8.3/10",
      "summary": "Theodore Twombly, an introverted writer, falls in love with an AI opertaing system when he finds out about Her ability to learn and adapt.",
      "url": "https://fzmovies.net/movie-Her%20202013--hmp4.htm",
      "status": 2,
      "date": "2021-12-29"
    },    
    {
      "thumbnail": "jobs.jpeg",
      "title": "Jobs (2013)",
      "subtitle": "343MB",
      "tags": "Aston Kutcher, Josh Gad, Matthew Modine, Lesley Ann Warren, Dermot Mulroney, J.K. Simmons, Giles Matthey",
      "posted": "2013-08-15",
      "meta": "4.4/10",
      "summary": "The story of Steve Jobs' ascension from college dropout into one of the most revered creative entrepreneurs of the 20th century.",
      "url": "https://fzmovies.net/movie-Jobs--hmp4.htm",
      "status": 2,
      "date": "2021-12-27"
    },
    {
      "thumbnail": "paran.jpeg",
      "title": "Paranoia (2013)",
      "subtitle": "246MB",
      "tags": "Lian Hemworth, Gary Oldman, Harrison Ford, Amber Heard, Embeth Davidtz, Julian McMahon, Lucas Till, Angela Sarafyan, Josh Holloway",
      "posted": "2013-08-08",
      "meta": "5.3/10",
      "summary": "A young talented engineer gets involved in a high-stakes game of greed, corporate espionage and deception between two powerful ex-partner tech visionaries.",
      "url": "https://fzmovies.net/movie-Paranoia--hmp4.htm",
      "status": 2,
      "date": "2021-12-28"
    },     
    {
      "thumbnail": "tints.jpeg",
      "title": "The Internship (2013)",
      "subtitle": "334MB",
      "tags": "Owen Wilson, Vince Vaughn, Josh Brener, Josh Gad, Dylan O'Brien, Tiya Sircar, Tobit Raphael, Will Ferrell, Max Minghella, Aasif Mandvi",
      "posted": "2013-05-29",
      "meta": "4.7/10",
      "summary": "Two salesmen accidentally get an internship at Google, Inc. and must prove their relevance against all odds in the digital world of young tech-savvy geniuses.",
      "url": "https://fzmovies.net/movie-The%20Internship--hmp4.htm",
      "status": 2,
      "date": "2021-12-27"
    },    
    {
      "thumbnail": "ironm3.jpeg",
      "title": "Iron Man 3 (2013)",
      "subtitle": "347MB",
      "tags": "Robert Downey Jr., Gwyneth Paltrow, Don Cheadle, Jon Favreau, Ben Kingsley, Guy Pearce, Rebecca Hall",
      "posted": "2013-05-01",
      "meta": "6.5/10",
      "summary": "After failing to defeat a formidable enemy known as The Mandarin, Tony Stark embarks on a journey of self-discovery.",
      "url": "https://fzmovies.net/movie-Iron%20Man%203--hmp4.htm",
      "status": 2,
      "date": "2021-12-27"
    },     
    {
      "thumbnail": "point.jpeg",
      "title": "Person of Interest - Season 1 (2011)",
      "subtitle": "E1-23",
      "tags": "Jim Caviezel, Michael Emerson, Brett Cullen, Kevin Chapman, Taraji P. Henson, Enrico Colantoni",
      "posted": "2011-06-21",
      "meta": "8.1/10",
      "summary": "An ex-CIA agent and a mysterious billionaire prevent violent crimes with the help of a super AI machine that can predict events before the happen.",
      "url": "https://o2tvseries.com/Person-of-Interest-9/Season-01/index.html",
      "status": 3,
      "date": "2021-12-29"
    },    
    {
      "thumbnail": "tsn.jpeg",
      "title": "The Social Network (2010)",
      "subtitle": "320MB",
      "tags": "Jesse Eisenberg, Rooney Mara, Andrew Garfield, Armie Hammer, Max Minghella, Justin Timberlake",
      "posted": "2010-10-01",
      "meta": "8.9/10",
      "summary": "The pseudo-true story of Mark Zuckerberg, a Harvard undergrad turned dropout who builds a social network site from his college dorm room - known as Facebook.",
      "url": "https://fzmovies.net/movie-The%20Social%20Network--hmp4.htm",
      "status": 2,
      "date": "2021-12-27"
    },
    {
      "thumbnail": "ironm2.jpeg",
      "title": "Iron Man 2 (2010)",
      "subtitle": "332MB",
      "tags": "Robert Downey Jr., Gwyneth Paltrow, Don Cheadle, Jon Favreau, Mickey Rourke, Sam Rockwell, Scarlett Johansson",
      "posted": "2010-05-07",
      "meta": "6.6/10",
      "summary": "In addition to tackling deadly treats from his enemies, Tony Stark is under pressure from the US government to share his technology with the world.",
      "url": "https://fzmovies.net/movie-Iron%20Man%202--hmp4.htm",
      "status": 2,
      "date": "2021-12-27"
    },
    {
      "thumbnail": "eye.jpeg",
      "title": "Eagle Eye (2008)",
      "subtitle": "313MB",
      "tags": "Shia LaBeouf, Michelle Monaghan, Rosario Dawson, Billy Bob Thornton",
      "posted": "2008-09-16",
      "meta": "4.5/10",
      "summary": "Jerry Shaw and Rachel Holloman receive a mysterious call from an unknown female, who controls their every move and tasks them to carry out a terrosrist mission.",
      "url": "https://fzmovies.net/movie-Eagle%20Eye%20--hmp4.htm",
      "status": 2,
      "date": "2021-12-27"
    },    
    {
      "thumbnail": "ironm1.jpeg",
      "title": "Iron man (2008)",
      "subtitle": "335MB",
      "tags": "Robert Downey Jr., Gwyneth Paltrow, Jeff Bridges, Jon Favreau, Terrence Howard, Shaun Toub, Leslie Bibb",
      "posted": "2008-05-02",
      "meta": "8.4/10",
      "summary": "Industrialist billionaire playboy, Tony Stark, constructs a high-tech armoured suit to escape his captors, and fight against evil forces to save the world.",
      "url": "https://fzmovies.net/movie-Iron%20Man--hmp4.htm",
      "status": 2,
      "date": "2021-12-27"
    },      
    {
      "thumbnail": "irobot2.jpeg",
      "title": "I, Robot (2004)",
      "subtitle": "307MB",
      "tags": "Will Smith, Bridget Moynahan, James Cromwell, Alan Tudyk, Chi McBride, Bruce Greenwood, Shia LaBeouf",
      "posted": "2004-07-16",
      "meta": "5.7/10",
      "summary": "Det. Spooner investigates the murder of Dr. Alfred of US Robotics. With the help of a robopsychologist, he tries to deduce if a robot is the prime suspect.",
      "url": "https://fzmovies.net/movie-I%20Robot--hmp4.htm",
      "status": 2,
      "date": "2021-12-27"
    }                             
  ]
}
